{
    "_config_name": "path.settings",
    "_config_static": true,
    "verbose": false,
    "separator": "-",
    "case": 1,
    "max_length": 100,
    "max_component_length": 100,
    "update_action": 2,
    "transliterate": true,
    "reduce_ascii": false,
    "ignore_words": "",
    "punctuation_double_quotes": 0,
    "punctuation_quotes": 0,
    "punctuation_backtick": 0,
    "punctuation_comma": 0,
    "punctuation_period": 0,
    "punctuation_hyphen": 1,
    "punctuation_underscore": 0,
    "punctuation_colon": 0,
    "punctuation_semicolon": 0,
    "punctuation_pipe": 0,
    "punctuation_left_curly": 0,
    "punctuation_left_square": 0,
    "punctuation_right_curly": 0,
    "punctuation_right_square": 0,
    "punctuation_plus": 0,
    "punctuation_equal": 0,
    "punctuation_asterisk": 0,
    "punctuation_ampersand": 0,
    "punctuation_percent": 0,
    "punctuation_caret": 0,
    "punctuation_dollar": 0,
    "punctuation_hash": 0,
    "punctuation_at": 0,
    "punctuation_exclamation": 0,
    "punctuation_tilde": 0,
    "punctuation_left_parenthesis": 0,
    "punctuation_right_parenthesis": 0,
    "punctuation_question_mark": 0,
    "punctuation_less_than": 0,
    "punctuation_greater_than": 0,
    "punctuation_slash": 0,
    "punctuation_back_slash": 0,
    "node_pattern": "[node:content-type]/[node:title]",
    "taxonomy_term_pattern": "[term:vocabulary]/[term:name]",
    "user_pattern": "accounts/[user:name]"
}
